win,lose,probability
Toronto Raptors,New Orleans Pelicans,0.8627525108867021
Los Angeles Clippers,Los Angeles Lakers,0.6891661721954714
Charlotte Hornets,Chicago Bulls,0.6767170921761518
Indiana Pacers,Detroit Pistons,0.6324072547601565
Orlando Magic,Cleveland Cavaliers,0.828821762292595
Brooklyn Nets,Minnesota Timberwolves,0.655584952313472
Miami Heat,Memphis Grizzlies,0.6314202834834727
Philadelphia 76ers,Boston Celtics,0.6754335302761124
Dallas Mavericks,Washington Wizards,0.6557885930299467
San Antonio Spurs,New York Knicks,0.7868008568063938
Utah Jazz,Oklahoma City Thunder,0.5827715225509785
Portland Trail Blazers,Denver Nuggets,0.5999131825037819
Sacramento Kings,Phoenix Suns,0.5319983760224007
Detroit Pistons,Atlanta Hawks,0.7116985068685008
Houston Rockets,Milwaukee Bucks,0.5914311051341967
Golden State Warriors,Los Angeles Clippers,0.7252689281975732
Toronto Raptors,Boston Celtics,0.5806555102641882
Charlotte Hornets,Minnesota Timberwolves,0.6547166381232421
Brooklyn Nets,New York Knicks,0.7039153623592175
Memphis Grizzlies,Chicago Bulls,0.7031719947849024
New Orleans Pelicans,Dallas Mavericks,0.5067372511913544
Oklahoma City Thunder,Washington Wizards,0.8301030169479378
Denver Nuggets,Phoenix Suns,0.8265404145296328
Portland Trail Blazers,Sacramento Kings,0.5212400704875289
Utah Jazz,Los Angeles Lakers,0.5289158197952545
Milwaukee Bucks,Miami Heat,0.7386208119192311
Detroit Pistons,Philadelphia 76ers,0.5002474408709714
Orlando Magic,Atlanta Hawks,0.5755513359768725
Boston Celtics,New York Knicks,0.6221687182399771
Toronto Raptors,Chicago Bulls,0.7605682395341185
Indiana Pacers,Cleveland Cavaliers,0.5724812921689817
Houston Rockets,New Orleans Pelicans,0.8128446295835179
San Antonio Spurs,Washington Wizards,0.7744076576258536
Utah Jazz,Sacramento Kings,0.7450525454462176
Los Angeles Clippers,Phoenix Suns,0.6349134715657383
Oklahoma City Thunder,Golden State Warriors,0.5721324072137935
Memphis Grizzlies,Brooklyn Nets,0.6731764365664548
Portland Trail Blazers,Dallas Mavericks,0.5588164949005147
Minnesota Timberwolves,Miami Heat,0.535218471816166
Los Angeles Lakers,Charlotte Hornets,0.6292437287334841
Detroit Pistons,Indiana Pacers,0.6262267209109793
New York Knicks,Chicago Bulls,0.5258595185459018
Philadelphia 76ers,Atlanta Hawks,0.5823715563677219
Toronto Raptors,Orlando Magic,0.6832439099395958
Milwaukee Bucks,Cleveland Cavaliers,0.8292188918673696
Golden State Warriors,New Orleans Pelicans,0.7021752790793068
Houston Rockets,Oklahoma City Thunder,0.5881823732045717
San Antonio Spurs,Portland Trail Blazers,0.5872057917776665
Utah Jazz,Phoenix Suns,0.6744602811619413
Denver Nuggets,Sacramento Kings,0.5112630354088581
Los Angeles Clippers,Charlotte Hornets,0.7294731772616754
Miami Heat,Atlanta Hawks,0.6709019628020326
Denver Nuggets,Dallas Mavericks,0.7049758733577539
Los Angeles Lakers,Memphis Grizzlies,0.6199837636296215
Philadelphia 76ers,Minnesota Timberwolves,0.7749140915782855
Orlando Magic,New York Knicks,0.8435046879752777
Cleveland Cavaliers,Chicago Bulls,0.5506503175192465
Brooklyn Nets,Indiana Pacers,0.5615089245417847
Milwaukee Bucks,Boston Celtics,0.5047276457323462
Toronto Raptors,Detroit Pistons,0.7826239799524792
Oklahoma City Thunder,Portland Trail Blazers,0.6693872181531784
Houston Rockets,Washington Wizards,0.639482512003232
Sacramento Kings,Charlotte Hornets,0.6230966080594297
Utah Jazz,Los Angeles Clippers,0.6563818326842903
Golden State Warriors,Phoenix Suns,0.8821226160363357
Atlanta Hawks,Miami Heat,0.5381141048708183
Denver Nuggets,New Orleans Pelicans,0.5993765480190247
Los Angeles Clippers,San Antonio Spurs,0.6218792908956232
Los Angeles Lakers,Miami Heat,0.5612024045060181
Miami Heat,Los Angeles Lakers,0.5943751016549019
Miami Heat,Los Angeles Lakers,0.5943751016549019
Los Angeles Lakers,Miami Heat,0.5612024045060181
Miami Heat,Los Angeles Lakers,0.5943751016549019
Houston Rockets,Brooklyn Nets,0.5366917031401195
Indiana Pacers,Cleveland Cavaliers,0.7366896266059346
Orlando Magic,Milwaukee Bucks,0.6340489776401522
Boston Celtics,New York Knicks,0.7532462941448587
Detroit Pistons,Chicago Bulls,0.5763593647684746
Dallas Mavericks,Los Angeles Lakers,0.5388307732203991
Utah Jazz,Sacramento Kings,0.5354537957458654
Golden State Warriors,San Antonio Spurs,0.7203147258151888
Oklahoma City Thunder,New Orleans Pelicans,0.8351452239784191
Detroit Pistons,Brooklyn Nets,0.7050539794046855
Orlando Magic,Denver Nuggets,0.6837736611971535
Memphis Grizzlies,Phoenix Suns,0.767194746793584
Milwaukee Bucks,Toronto Raptors,0.5611608523238883
Washington Wizards,Minnesota Timberwolves,0.5541845659048353
Golden State Warriors,Charlotte Hornets,0.8085231044329126
Portland Trail Blazers,Philadelphia 76ers,0.546038272447458
Indiana Pacers,Chicago Bulls,0.7335343056349529
Houston Rockets,Miami Heat,0.5174020986197383
Sacramento Kings,New York Knicks,0.5456550840297385
San Antonio Spurs,Los Angeles Lakers,0.6779622640382705
Dallas Mavericks,Cleveland Cavaliers,0.5391222200695622
Los Angeles Clippers,Utah Jazz,0.5859348045218912
Detroit Pistons,Washington Wizards,0.5383221497451968
Brooklyn Nets,New Orleans Pelicans,0.696316079966941
Houston Rockets,Memphis Grizzlies,0.5067874003412027
Milwaukee Bucks,Minnesota Timberwolves,0.585471684336234
Philadelphia 76ers,Phoenix Suns,0.7009575306912257
Golden State Warriors,Portland Trail Blazers,0.7011369908912384
Charlotte Hornets,Indiana Pacers,0.5605624125180646
Boston Celtics,Cleveland Cavaliers,0.59844627454901
San Antonio Spurs,Atlanta Hawks,0.5146797006502585
Los Angeles Lakers,Chicago Bulls,0.5684810436434591
Oklahoma City Thunder,Orlando Magic,0.6348124326750718
Denver Nuggets,Miami Heat,0.6695454224341107
Detroit Pistons,New York Knicks,0.7567213578100549
Indiana Pacers,Washington Wizards,0.7433956824657351
Atlanta Hawks,Chicago Bulls,0.6632558553951844
Houston Rockets,Golden State Warriors,0.5341011836034875
Toronto Raptors,Sacramento Kings,0.8122098680909203
Memphis Grizzlies,Minnesota Timberwolves,0.6821262096114241
Orlando Magic,Dallas Mavericks,0.5960074243043789
Utah Jazz,Philadelphia 76ers,0.5863033286520491
Los Angeles Clippers,Milwaukee Bucks,0.5554304439950005
Charlotte Hornets,Boston Celtics,0.5340550625698964
San Antonio Spurs,Oklahoma City Thunder,0.5392708500010086
Miami Heat,Phoenix Suns,0.5906353362397045
Los Angeles Clippers,Portland Trail Blazers,0.5997028716963911
Indiana Pacers,Detroit Pistons,0.6324072547601565
Orlando Magic,Memphis Grizzlies,0.7823555809204074
Washington Wizards,Cleveland Cavaliers,0.5824126489502927
Atlanta Hawks,Sacramento Kings,0.5965658901200074
Golden State Warriors,Minnesota Timberwolves,0.6407323945509604
Toronto Raptors,New Orleans Pelicans,0.7172707912312052
Dallas Mavericks,New York Knicks,0.6719377002861529
Denver Nuggets,Philadelphia 76ers,0.5549917765573981
Utah Jazz,Milwaukee Bucks,0.586032897438945
Portland Trail Blazers,Brooklyn Nets,0.741766141890001
Los Angeles Lakers,Miami Heat,0.5612024045060181
San Antonio Spurs,Boston Celtics,0.6410698289555515
Charlotte Hornets,New Orleans Pelicans,0.6955027588342245
Houston Rockets,Chicago Bulls,0.6742289298648423
Memphis Grizzlies,Dallas Mavericks,0.6230092366964016
Oklahoma City Thunder,Golden State Warriors,0.5721324072137935
Denver Nuggets,Minnesota Timberwolves,0.5308942170631263
Orlando Magic,Indiana Pacers,0.7438001998411354
Philadelphia 76ers,Charlotte Hornets,0.7489469997629848
Oklahoma City Thunder,Milwaukee Bucks,0.6280416228442919
New York Knicks,Cleveland Cavaliers,0.5298979897741624
Phoenix Suns,Brooklyn Nets,0.5046575013095765
Portland Trail Blazers,Atlanta Hawks,0.7478793649049434
Toronto Raptors,Los Angeles Lakers,0.6334147835962043
Detroit Pistons,Minnesota Timberwolves,0.7135023286809178
Boston Celtics,Dallas Mavericks,0.6530446928721058
San Antonio Spurs,Memphis Grizzlies,0.7110842541596586
Houston Rockets,New Orleans Pelicans,0.6230563580208847
Golden State Warriors,Utah Jazz,0.6890487441465455
Toronto Raptors,Los Angeles Clippers,0.5209669202474838
Oklahoma City Thunder,Indiana Pacers,0.5030669791674018
Philadelphia 76ers,Cleveland Cavaliers,0.794352332938291
Miami Heat,Detroit Pistons,0.5865915026524885
Chicago Bulls,New York Knicks,0.5709355222760331
Denver Nuggets,Atlanta Hawks,0.7546407534987811
Los Angeles Lakers,Phoenix Suns,0.5693965287244245
Utah Jazz,Brooklyn Nets,0.7719221171325518
Portland Trail Blazers,Sacramento Kings,0.5212400704875289
Charlotte Hornets,Memphis Grizzlies,0.612320475184809
Orlando Magic,Philadelphia 76ers,0.6343076151539873
Boston Celtics,Washington Wizards,0.7395482508703339
Houston Rockets,Los Angeles Clippers,0.6613927256928446
San Antonio Spurs,Minnesota Timberwolves,0.5175879585145708
Golden State Warriors,Los Angeles Lakers,0.6162374914319121
Toronto Raptors,Portland Trail Blazers,0.5307094015181592
Miami Heat,Cleveland Cavaliers,0.5797594664453156
Milwaukee Bucks,Chicago Bulls,0.8269118568221674
Los Angeles Clippers,New Orleans Pelicans,0.5804906561604156
Dallas Mavericks,New York Knicks,0.5637947919750388
Phoenix Suns,Atlanta Hawks,0.512696302366051
Denver Nuggets,Brooklyn Nets,0.7486363731601394
Charlotte Hornets,Detroit Pistons,0.5667625692500803
Orlando Magic,San Antonio Spurs,0.6951954676180244
Houston Rockets,Indiana Pacers,0.7080790702781186
Utah Jazz,Memphis Grizzlies,0.5061176591283555
Minnesota Timberwolves,Washington Wizards,0.6720025980591872
Oklahoma City Thunder,Philadelphia 76ers,0.6283020171153306
Golden State Warriors,Boston Celtics,0.7465511972704066
Los Angeles Lakers,Sacramento Kings,0.618802171992039
Chicago Bulls,Brooklyn Nets,0.5055906292292142
Indiana Pacers,Milwaukee Bucks,0.500290029347736
Charlotte Hornets,New York Knicks,0.5346005612039989
Miami Heat,New Orleans Pelicans,0.7124290815288992
Houston Rockets,Minnesota Timberwolves,0.5556207815939652
Toronto Raptors,Dallas Mavericks,0.6735981363925548
San Antonio Spurs,Portland Trail Blazers,0.5872057917776665
Los Angeles Clippers,Atlanta Hawks,0.7551756817027894
Philadelphia 76ers,Cleveland Cavaliers,0.6914816554880444
Sacramento Kings,Boston Celtics,0.5355829778940807
Memphis Grizzlies,Denver Nuggets,0.5181225472321085
Orlando Magic,Washington Wizards,0.8337110237058764
Golden State Warriors,New Orleans Pelicans,0.7021752790793068
Los Angeles Lakers,Atlanta Hawks,0.6600309074921418
New York Knicks,Cleveland Cavaliers,0.5298979897741624
Brooklyn Nets,Indiana Pacers,0.5615089245417847
Toronto Raptors,Charlotte Hornets,0.8189041155163923
Milwaukee Bucks,Chicago Bulls,0.7004084526671468
Houston Rockets,Portland Trail Blazers,0.6344777371490431
San Antonio Spurs,Dallas Mavericks,0.5357028695370017
Boston Celtics,Phoenix Suns,0.6091645500426447
Utah Jazz,Minnesota Timberwolves,0.7790553335860351
Los Angeles Clippers,Oklahoma City Thunder,0.5521122355638979
Golden State Warriors,Memphis Grizzlies,0.5944247996103096
Portland Trail Blazers,New Orleans Pelicans,0.6089307136444924
Sacramento Kings,Phoenix Suns,0.7455383947335099
Oklahoma City Thunder,Los Angeles Lakers,0.5631039366992563
Philadelphia 76ers,New York Knicks,0.8113188182520695
San Antonio Spurs,Washington Wizards,0.6035052548313891
Milwaukee Bucks,Atlanta Hawks,0.5826426760133399
Brooklyn Nets,Charlotte Hornets,0.622556746437804
Golden State Warriors,Dallas Mavericks,0.6572849808496029
Miami Heat,Cleveland Cavaliers,0.6976574877710497
Toronto Raptors,Orlando Magic,0.6832439099395958
Detroit Pistons,Chicago Bulls,0.5763593647684746
Utah Jazz,Minnesota Timberwolves,0.5549591197295003
Denver Nuggets,Houston Rockets,0.5845826543976441
Los Angeles Clippers,Boston Celtics,0.6529001230146364
Milwaukee Bucks,Portland Trail Blazers,0.6756865431601847
Phoenix Suns,New Orleans Pelicans,0.5611276122573884
Detroit Pistons,Atlanta Hawks,0.7116985068685008
Washington Wizards,Charlotte Hornets,0.5185731648618855
Brooklyn Nets,Sacramento Kings,0.6120429756939221
Miami Heat,Chicago Bulls,0.5897324705495477
Oklahoma City Thunder,Los Angeles Lakers,0.7497748009383264
Philadelphia 76ers,San Antonio Spurs,0.6453325849236585
Dallas Mavericks,Cleveland Cavaliers,0.6478774942894507
Denver Nuggets,Boston Celtics,0.6522446336313161
Utah Jazz,Golden State Warriors,0.5285493120110966
Los Angeles Clippers,Houston Rockets,0.5852845892178323
Minnesota Timberwolves,Phoenix Suns,0.7303269367387757
Charlotte Hornets,Chicago Bulls,0.6767170921761518
Indiana Pacers,Orlando Magic,0.5075629487517518
Toronto Raptors,Atlanta Hawks,0.6547953018553823
San Antonio Spurs,New York Knicks,0.6531790481353802
Philadelphia 76ers,Miami Heat,0.6921252216553992
Portland Trail Blazers,Cleveland Cavaliers,0.6517135358992514
Memphis Grizzlies,Los Angeles Lakers,0.6045755793712595
Milwaukee Bucks,Detroit Pistons,0.7491015368106944
Utah Jazz,New Orleans Pelicans,0.809429214729226
Houston Rockets,Dallas Mavericks,0.7352151154410073
Brooklyn Nets,New York Knicks,0.5090818037048155
Washington Wizards,Sacramento Kings,0.5074545080069879
Denver Nuggets,Phoenix Suns,0.8265404145296328
Los Angeles Clippers,New Orleans Pelicans,0.7894067339175397
Cleveland Cavaliers,Brooklyn Nets,0.5158539155029737
Detroit Pistons,Orlando Magic,0.5072417218854891
Indiana Pacers,Memphis Grizzlies,0.6750203203311577
Atlanta Hawks,Minnesota Timberwolves,0.6408255396363786
Boston Celtics,Sacramento Kings,0.6694938513869905
Miami Heat,Charlotte Hornets,0.6405631351634766
Toronto Raptors,Philadelphia 76ers,0.6771578091883347
Portland Trail Blazers,Chicago Bulls,0.6609774876020249
Milwaukee Bucks,Utah Jazz,0.6630635790124619
San Antonio Spurs,Los Angeles Lakers,0.6779622640382705
Golden State Warriors,Oklahoma City Thunder,0.6587434090777032
Los Angeles Clippers,Dallas Mavericks,0.5295476336477722
Denver Nuggets,Washington Wizards,0.7828374211463768
Boston Celtics,Brooklyn Nets,0.7011323699783452
Charlotte Hornets,Detroit Pistons,0.5667625692500803
Orlando Magic,Cleveland Cavaliers,0.6854809727004658
Indiana Pacers,Utah Jazz,0.5313857654356877
Philadelphia 76ers,Sacramento Kings,0.7404862792457976
Toronto Raptors,New York Knicks,0.8669825570902893
Houston Rockets,Miami Heat,0.7018804986837346
Memphis Grizzlies,Los Angeles Clippers,0.5375795276261549
Milwaukee Bucks,Atlanta Hawks,0.8109509504116346
San Antonio Spurs,Minnesota Timberwolves,0.7471399150591327
Phoenix Suns,Washington Wizards,0.5521982502262639
Los Angeles Lakers,New Orleans Pelicans,0.512703016518375
Portland Trail Blazers,Oklahoma City Thunder,0.5424309892625868
Golden State Warriors,Chicago Bulls,0.8432480262709843
Brooklyn Nets,Boston Celtics,0.5350113090066347
Detroit Pistons,Charlotte Hornets,0.6833455207601095
Orlando Magic,Toronto Raptors,0.5604707879564088
Milwaukee Bucks,Cleveland Cavaliers,0.6917194378293452
Philadelphia 76ers,New York Knicks,0.7123497038111775
Indiana Pacers,Atlanta Hawks,0.7119621350346245
Utah Jazz,Memphis Grizzlies,0.5061176591283555
Golden State Warriors,Miami Heat,0.6046248588928174
Oklahoma City Thunder,New Orleans Pelicans,0.8351452239784191
San Antonio Spurs,Los Angeles Clippers,0.6154921519179917
Dallas Mavericks,Phoenix Suns,0.5502339006558894
Portland Trail Blazers,Chicago Bulls,0.767639482739676
Los Angeles Lakers,Washington Wizards,0.6947015157475251
Denver Nuggets,Sacramento Kings,0.5112630354088581
Philadelphia 76ers,Indiana Pacers,0.6984394803490812
Houston Rockets,Atlanta Hawks,0.7813681766729127
Milwaukee Bucks,Charlotte Hornets,0.7894715312308913
Brooklyn Nets,Miami Heat,0.5541577391799213
Minnesota Timberwolves,Memphis Grizzlies,0.5949684673250263
Boston Celtics,New York Knicks,0.6221687182399771
Los Angeles Lakers,Dallas Mavericks,0.601332438187667
Detroit Pistons,San Antonio Spurs,0.5682637012640704
Oklahoma City Thunder,New Orleans Pelicans,0.6542646407238843
Orlando Magic,Golden State Warriors,0.5784366264776682
Toronto Raptors,Utah Jazz,0.7035320065306452
Los Angeles Clippers,Washington Wizards,0.7833285257480943
Charlotte Hornets,Phoenix Suns,0.7443715390574515
Philadelphia 76ers,Utah Jazz,0.6102201951563867
Golden State Warriors,Atlanta Hawks,0.6380473672115574
Memphis Grizzlies,Indiana Pacers,0.5907745049093135
Milwaukee Bucks,New York Knicks,0.8438741701729439
Sacramento Kings,Chicago Bulls,0.678059202700739
Detroit Pistons,Cleveland Cavaliers,0.5663003500498038
Orlando Magic,Washington Wizards,0.6605830671634674
New Orleans Pelicans,Dallas Mavericks,0.5067372511913544
Toronto Raptors,Miami Heat,0.7731194636567733
San Antonio Spurs,Houston Rockets,0.572658136641365
Denver Nuggets,Los Angeles Lakers,0.6885464996729767
Los Angeles Clippers,Portland Trail Blazers,0.5997028716963911
Golden State Warriors,Charlotte Hornets,0.6238709134711246
Milwaukee Bucks,Detroit Pistons,0.5000312679184051
Orlando Magic,Phoenix Suns,0.8688906046042641
Atlanta Hawks,Brooklyn Nets,0.631341396271377
Boston Celtics,Miami Heat,0.6147854628328141
Memphis Grizzlies,Chicago Bulls,0.5298204692468538
Oklahoma City Thunder,Indiana Pacers,0.7388524425172269
Dallas Mavericks,Minnesota Timberwolves,0.6211964765165862
Utah Jazz,Los Angeles Lakers,0.7152817695195296
Portland Trail Blazers,Sacramento Kings,0.7126663357256944
Philadelphia 76ers,Washington Wizards,0.666827893204947
Denver Nuggets,New York Knicks,0.6651647754209016
Toronto Raptors,Houston Rockets,0.7029728444223252
New Orleans Pelicans,Phoenix Suns,0.6719787605710961
Charlotte Hornets,Brooklyn Nets,0.6453963243113101
Orlando Magic,Cleveland Cavaliers,0.6854809727004658
Detroit Pistons,Indiana Pacers,0.6262267209109793
Boston Celtics,Denver Nuggets,0.5504851016721478
Golden State Warriors,Chicago Bulls,0.7469689584016883
Miami Heat,Washington Wizards,0.7049594998672717
Oklahoma City Thunder,Minnesota Timberwolves,0.8078973041361862
Milwaukee Bucks,Los Angeles Clippers,0.7009971267494556
San Antonio Spurs,Sacramento Kings,0.7100534511428713
Portland Trail Blazers,Los Angeles Lakers,0.6807343101038863
Dallas Mavericks,New Orleans Pelicans,0.6639095494287144
Indiana Pacers,New York Knicks,0.5967039404394607
Philadelphia 76ers,Cleveland Cavaliers,0.794352332938291
Houston Rockets,Phoenix Suns,0.8470233708468659
Utah Jazz,Memphis Grizzlies,0.746003430848108
Denver Nuggets,Brooklyn Nets,0.5118372609245704
Charlotte Hornets,Atlanta Hawks,0.652722841090748
Miami Heat,Chicago Bulls,0.6942285717689632
Philadelphia 76ers,Toronto Raptors,0.5042838724821224
Los Angeles Clippers,Washington Wizards,0.597573645474576
Dallas Mavericks,Sacramento Kings,0.5761179683509584
Portland Trail Blazers,Oklahoma City Thunder,0.5424309892625868
Los Angeles Lakers,Minnesota Timberwolves,0.6620044737349109
Indiana Pacers,Los Angeles Clippers,0.5746337498693012
Boston Celtics,Cleveland Cavaliers,0.732777790056101
Toronto Raptors,Chicago Bulls,0.7605682395341185
Houston Rockets,Sacramento Kings,0.7492643220917512
Milwaukee Bucks,Orlando Magic,0.6414176328660132
Detroit Pistons,New Orleans Pelicans,0.5207411660378032
Phoenix Suns,Minnesota Timberwolves,0.5148965473227181
Utah Jazz,Oklahoma City Thunder,0.5827715225509785
Golden State Warriors,Memphis Grizzlies,0.8023342221470937
Charlotte Hornets,Washington Wizards,0.6877861948024635
Miami Heat,Atlanta Hawks,0.6709019628020326
Philadelphia 76ers,Denver Nuggets,0.6330286045013471
Portland Trail Blazers,New York Knicks,0.7889277158419271
Houston Rockets,Cleveland Cavaliers,0.6651436364448924
Indiana Pacers,Boston Celtics,0.6011681673385272
Orlando Magic,Los Angeles Lakers,0.7545843567905837
Toronto Raptors,Los Angeles Clippers,0.7387048968464625
Brooklyn Nets,Charlotte Hornets,0.622556746437804
Chicago Bulls,Atlanta Hawks,0.5136288815566423
Utah Jazz,Minnesota Timberwolves,0.5549591197295003
Memphis Grizzlies,Phoenix Suns,0.5307502713419583
Milwaukee Bucks,New Orleans Pelicans,0.8390456877613712
Oklahoma City Thunder,Sacramento Kings,0.5695535772659843
Golden State Warriors,New York Knicks,0.8588826310372185
Philadelphia 76ers,Boston Celtics,0.5044489604000431
San Antonio Spurs,Cleveland Cavaliers,0.7682594164040496
Detroit Pistons,Dallas Mavericks,0.6572888641249651
Denver Nuggets,Portland Trail Blazers,0.5990086211421796
Miami Heat,Los Angeles Lakers,0.5943751016549019
Orlando Magic,Houston Rockets,0.6618379484669569
Philadelphia 76ers,New Orleans Pelicans,0.8057153039489077
Atlanta Hawks,Indiana Pacers,0.5455128689358971
Charlotte Hornets,Chicago Bulls,0.5199716556778403
Milwaukee Bucks,Memphis Grizzlies,0.5371862302499302
Utah Jazz,Golden State Warriors,0.5285493120110966
Los Angeles Clippers,Minnesota Timberwolves,0.5114116015875081
Sacramento Kings,New York Knicks,0.704394110379696
San Antonio Spurs,Phoenix Suns,0.6406256956155282
Toronto Raptors,Brooklyn Nets,0.8335824963780261
Los Angeles Clippers,Chicago Bulls,0.6340477553852664
Memphis Grizzlies,Washington Wizards,0.7137184869749472
Dallas Mavericks,Miami Heat,0.5171016978925748
Milwaukee Bucks,Cleveland Cavaliers,0.8292188918673696
Denver Nuggets,Oklahoma City Thunder,0.5513971888195085
Houston Rockets,Detroit Pistons,0.7132625206339929
Orlando Magic,New Orleans Pelicans,0.6445839789570008
Indiana Pacers,Charlotte Hornets,0.6836235501272958
Atlanta Hawks,Los Angeles Lakers,0.559702746362887
Philadelphia 76ers,Brooklyn Nets,0.5665490694061586
Denver Nuggets,New York Knicks,0.7948901773644618
Golden State Warriors,Sacramento Kings,0.801538119452329
Detroit Pistons,Washington Wizards,0.7431504449701815
Toronto Raptors,Cleveland Cavaliers,0.8541214502475853
Houston Rockets,San Antonio Spurs,0.6558332557226026
Memphis Grizzlies,Miami Heat,0.5835500677324127
Milwaukee Bucks,Dallas Mavericks,0.7691981656697765
Oklahoma City Thunder,Chicago Bulls,0.8227794564715541
Portland Trail Blazers,Phoenix Suns,0.6618134769082018
Charlotte Hornets,Sacramento Kings,0.6111300012372534
Indiana Pacers,Los Angeles Lakers,0.6398578484300982
Atlanta Hawks,New York Knicks,0.5010414049539276
New Orleans Pelicans,Brooklyn Nets,0.5614864606864125
Utah Jazz,Orlando Magic,0.5930729318323238
Los Angeles Clippers,Phoenix Suns,0.8269545333875412
Charlotte Hornets,Cleveland Cavaliers,0.5097126956917544
Toronto Raptors,Detroit Pistons,0.5760743942399515
Philadelphia 76ers,Miami Heat,0.6921252216553992
Washington Wizards,Chicago Bulls,0.5784664348421119
Minnesota Timberwolves,New Orleans Pelicans,0.6799277237404101
Oklahoma City Thunder,Memphis Grizzlies,0.7779301047761733
Denver Nuggets,Orlando Magic,0.5618908871644998
Boston Celtics,Dallas Mavericks,0.5021939543213347
Golden State Warriors,Portland Trail Blazers,0.5124240628611592
Utah Jazz,Atlanta Hawks,0.5520811873453598
Milwaukee Bucks,Los Angeles Lakers,0.7551028258322585
San Antonio Spurs,Brooklyn Nets,0.7393210851123319
Los Angeles Clippers,Houston Rockets,0.5852845892178323
Memphis Grizzlies,Cleveland Cavaliers,0.5195775187738253
Indiana Pacers,Sacramento Kings,0.6739198511555649
Boston Celtics,Detroit Pistons,0.6277290460868582
Toronto Raptors,Washington Wizards,0.8584115377139239
Miami Heat,New York Knicks,0.7197874165587606
Oklahoma City Thunder,Phoenix Suns,0.8659231433843929
Philadelphia 76ers,Dallas Mavericks,0.7261250056739227
Denver Nuggets,Minnesota Timberwolves,0.7562679104657735
Portland Trail Blazers,Orlando Magic,0.552964384001217
Golden State Warriors,New Orleans Pelicans,0.854438248462529
Utah Jazz,Charlotte Hornets,0.5369811009812853
Brooklyn Nets,Atlanta Hawks,0.6535935163932768
Detroit Pistons,Chicago Bulls,0.7332830249502702
Philadelphia 76ers,Washington Wizards,0.7999885370763782
Milwaukee Bucks,New York Knicks,0.7125780879378019
Memphis Grizzlies,Sacramento Kings,0.6400975999104553
San Antonio Spurs,Los Angeles Clippers,0.6154921519179917
Houston Rockets,Phoenix Suns,0.675048307195526
Portland Trail Blazers,Minnesota Timberwolves,0.7495364793943367
Toronto Raptors,Dallas Mavericks,0.8007497051511931
Boston Celtics,Charlotte Hornets,0.6792665775337055
Milwaukee Bucks,Indiana Pacers,0.7443337324642582
Oklahoma City Thunder,Los Angeles Clippers,0.6949674854191504
Denver Nuggets,Los Angeles Lakers,0.5046995287167506
Cleveland Cavaliers,Atlanta Hawks,0.5238824406327243
Detroit Pistons,Philadelphia 76ers,0.5002474408709714
Toronto Raptors,Indiana Pacers,0.5757605040881332
New York Knicks,Washington Wizards,0.5385719007917095
Orlando Magic,Chicago Bulls,0.8265104849408383
Utah Jazz,Miami Heat,0.5167330263665105
Memphis Grizzlies,San Antonio Spurs,0.5314274093939448
Denver Nuggets,Phoenix Suns,0.6528146581525096
Portland Trail Blazers,New Orleans Pelicans,0.7828372156959436
Houston Rockets,Sacramento Kings,0.5361202169667909
Golden State Warriors,Minnesota Timberwolves,0.8297290184400687
Toronto Raptors,Boston Celtics,0.7592917762234112
Philadelphia 76ers,Milwaukee Bucks,0.5802231876278234
Golden State Warriors,Houston Rockets,0.6884743613047908
Los Angeles Lakers,Los Angeles Clippers,0.5148160339718423
Denver Nuggets,New Orleans Pelicans,0.7889256938318706
Detroit Pistons,Washington Wizards,0.7431504449701815
Brooklyn Nets,New York Knicks,0.7039153623592175
San Antonio Spurs,Dallas Mavericks,0.5357028695370017
Oklahoma City Thunder,Memphis Grizzlies,0.7779301047761733
Sacramento Kings,Minnesota Timberwolves,0.6561036687200276
Utah Jazz,Portland Trail Blazers,0.6292917887342495
Boston Celtics,Cleveland Cavaliers,0.732777790056101
Oklahoma City Thunder,Charlotte Hornets,0.5710585813853981
Orlando Magic,Philadelphia 76ers,0.6343076151539873
Milwaukee Bucks,Atlanta Hawks,0.5826426760133399
Miami Heat,Indiana Pacers,0.5804650623371047
Golden State Warriors,Phoenix Suns,0.8821226160363357
Denver Nuggets,Memphis Grizzlies,0.7210278325325401
Toronto Raptors,Boston Celtics,0.5806555102641882
Indiana Pacers,New Orleans Pelicans,0.5270291154778473
Chicago Bulls,Atlanta Hawks,0.5136288815566423
Houston Rockets,Brooklyn Nets,0.7758235643711361
Philadelphia 76ers,Miami Heat,0.5474543657172284
Minnesota Timberwolves,Cleveland Cavaliers,0.6642733739230982
Washington Wizards,New York Knicks,0.6082411798167168
Golden State Warriors,Dallas Mavericks,0.7895954075995436
Milwaukee Bucks,Orlando Magic,0.6414176328660132
San Antonio Spurs,Detroit Pistons,0.6708945155357741
Sacramento Kings,Phoenix Suns,0.7455383947335099
Portland Trail Blazers,Los Angeles Lakers,0.6807343101038863
Los Angeles Clippers,Utah Jazz,0.5859348045218912
Toronto Raptors,Oklahoma City Thunder,0.6739703284630476
Denver Nuggets,Sacramento Kings,0.7200185378582796
Memphis Grizzlies,Charlotte Hornets,0.6502855017954446
Houston Rockets,New Orleans Pelicans,0.6230563580208847
Los Angeles Lakers,Dallas Mavericks,0.601332438187667
Orlando Magic,Atlanta Hawks,0.8105210478297791
Miami Heat,Washington Wizards,0.5519625875495628
Milwaukee Bucks,Chicago Bulls,0.7004084526671468
Minnesota Timberwolves,Brooklyn Nets,0.6286268637947073
Utah Jazz,Detroit Pistons,0.7086811268304645
Portland Trail Blazers,Phoenix Suns,0.8212911631508305
Charlotte Hornets,Boston Celtics,0.5340550625698964
Indiana Pacers,Philadelphia 76ers,0.5005687379445947
Sacramento Kings,Los Angeles Clippers,0.5082543487957514
Houston Rockets,Denver Nuggets,0.6436924276073044
Golden State Warriors,San Antonio Spurs,0.5156029395887756
Toronto Raptors,Cleveland Cavaliers,0.8541214502475853
Oklahoma City Thunder,Dallas Mavericks,0.7640809905176208
Orlando Magic,Washington Wizards,0.6605830671634674
Portland Trail Blazers,New York Knicks,0.6740033392932527
Milwaukee Bucks,Minnesota Timberwolves,0.8122975578020709
Los Angeles Lakers,Phoenix Suns,0.7504882093434972
Charlotte Hornets,Cleveland Cavaliers,0.5097126956917544
Indiana Pacers,Denver Nuggets,0.5554465671227409
Toronto Raptors,Miami Heat,0.6220031022032565
Utah Jazz,Chicago Bulls,0.6736401379447867
Golden State Warriors,Minnesota Timberwolves,0.6407323945509604
Dallas Mavericks,Brooklyn Nets,0.6115082402897971
San Antonio Spurs,Oklahoma City Thunder,0.5392708500010086
Sacramento Kings,Memphis Grizzlies,0.6137773480163828
Los Angeles Clippers,Detroit Pistons,0.6822290623152866
Boston Celtics,Atlanta Hawks,0.7078286331176123
Orlando Magic,Miami Heat,0.7380795525384659
Portland Trail Blazers,Washington Wizards,0.6256025332545367
Houston Rockets,Philadelphia 76ers,0.5917004668306706
Phoenix Suns,New York Knicks,0.5700208383427984
Los Angeles Lakers,New Orleans Pelicans,0.7023211371351398
Los Angeles Clippers,Memphis Grizzlies,0.7216090088304953
Toronto Raptors,Brooklyn Nets,0.6400206309009093
Orlando Magic,Utah Jazz,0.6624373631909692
Atlanta Hawks,Indiana Pacers,0.5455128689358971
Oklahoma City Thunder,Cleveland Cavaliers,0.6945755180226779
Boston Celtics,Chicago Bulls,0.6082754472124923
Denver Nuggets,Washington Wizards,0.6161989544311709
Dallas Mavericks,Charlotte Hornets,0.5869482756078697
Golden State Warriors,Detroit Pistons,0.7707454892057566
Milwaukee Bucks,San Antonio Spurs,0.6957888209140666
Sacramento Kings,New Orleans Pelicans,0.6968018228828217
Los Angeles Clippers,New York Knicks,0.7953611502489162
Portland Trail Blazers,Miami Heat,0.502478722946057
Cleveland Cavaliers,Minnesota Timberwolves,0.5260788657507763
Memphis Grizzlies,Phoenix Suns,0.5307502713419583
Los Angeles Lakers,Detroit Pistons,0.5747009120678039
Charlotte Hornets,Indiana Pacers,0.5605624125180646
Orlando Magic,Brooklyn Nets,0.805531760859588
Philadelphia 76ers,Oklahoma City Thunder,0.5769490833693004
Boston Celtics,Washington Wizards,0.5709707511249348
Denver Nuggets,Atlanta Hawks,0.5279930235168486
Utah Jazz,New Orleans Pelicans,0.6224268719458604
Dallas Mavericks,Chicago Bulls,0.6441719607701468
San Antonio Spurs,Milwaukee Bucks,0.5426053795436423
Golden State Warriors,Sacramento Kings,0.6224286930356621
Detroit Pistons,Cleveland Cavaliers,0.5663003500498038
Toronto Raptors,Portland Trail Blazers,0.7152898588884457
Oklahoma City Thunder,Brooklyn Nets,0.5701169014803202
Memphis Grizzlies,Minnesota Timberwolves,0.6821262096114241
Sacramento Kings,Phoenix Suns,0.5319983760224007
Los Angeles Lakers,New York Knicks,0.7098327705735633
Boston Celtics,San Antonio Spurs,0.5636489421216938
Toronto Raptors,Charlotte Hornets,0.6409056323258363
Indiana Pacers,Miami Heat,0.6195277409502346
Orlando Magic,Washington Wizards,0.8337110237058764
Houston Rockets,Atlanta Hawks,0.5527436796011111
Denver Nuggets,Dallas Mavericks,0.5489448998426707
New Orleans Pelicans,Chicago Bulls,0.5955744252048174
Utah Jazz,New York Knicks,0.8149502147048237
Golden State Warriors,Milwaukee Bucks,0.6617556066984996
Detroit Pistons,Cleveland Cavaliers,0.7364402523266742
Philadelphia 76ers,Boston Celtics,0.6754335302761124
Portland Trail Blazers,Minnesota Timberwolves,0.5408304191202575
Oklahoma City Thunder,Houston Rockets,0.6560393021805339
Washington Wizards,Atlanta Hawks,0.5520074751089545
New York Knicks,New Orleans Pelicans,0.5475503452386025
Brooklyn Nets,Miami Heat,0.5541577391799213
Indiana Pacers,Chicago Bulls,0.5825026377333572
Memphis Grizzlies,San Antonio Spurs,0.5314274093939448
Orlando Magic,Phoenix Suns,0.695059875723318
Utah Jazz,Charlotte Hornets,0.7534139702545009
Dallas Mavericks,Los Angeles Lakers,0.5388307732203991
Milwaukee Bucks,Sacramento Kings,0.5662584637469634
Golden State Warriors,Los Angeles Clippers,0.5026577148764815
Houston Rockets,Minnesota Timberwolves,0.782869083963776
Boston Celtics,New Orleans Pelicans,0.7464570908073124
Detroit Pistons,Chicago Bulls,0.7332830249502702
Oklahoma City Thunder,Los Angeles Lakers,0.7497748009383264
Philadelphia 76ers,Dallas Mavericks,0.6027258306987341
Denver Nuggets,Cleveland Cavaliers,0.7768527218389762
Portland Trail Blazers,Milwaukee Bucks,0.5457619124006645
Miami Heat,New York Knicks,0.6038550954522739
Utah Jazz,Washington Wizards,0.6388645574982897
Brooklyn Nets,Atlanta Hawks,0.6535935163932768
Golden State Warriors,Memphis Grizzlies,0.5944247996103096
Toronto Raptors,San Antonio Spurs,0.7339040898277273
Denver Nuggets,Los Angeles Clippers,0.6269999484328863
Charlotte Hornets,Phoenix Suns,0.5209033224073614
Detroit Pistons,New Orleans Pelicans,0.7499960334648084
Indiana Pacers,Philadelphia 76ers,0.5005687379445947
Boston Celtics,Chicago Bulls,0.7295927988650602
Oklahoma City Thunder,Minnesota Timberwolves,0.5887268479851694
Portland Trail Blazers,Charlotte Hornets,0.7216931610926302
Orlando Magic,Sacramento Kings,0.5590993997520761
Los Angeles Lakers,Cleveland Cavaliers,0.6872582544449539
Atlanta Hawks,Phoenix Suns,0.7326142900080632
Utah Jazz,Brooklyn Nets,0.5360253924025407
Houston Rockets,Memphis Grizzlies,0.5067874003412027
Milwaukee Bucks,New York Knicks,0.8438741701729439
Golden State Warriors,Dallas Mavericks,0.7895954075995436
Los Angeles Clippers,Cleveland Cavaliers,0.7773535113564024
Boston Celtics,Detroit Pistons,0.6277290460868582
Philadelphia 76ers,Brooklyn Nets,0.7676870439998789
Miami Heat,San Antonio Spurs,0.5208355091414866
Chicago Bulls,Washington Wizards,0.5531211246470089
Minnesota Timberwolves,Indiana Pacers,0.5426241953041789
Oklahoma City Thunder,Toronto Raptors,0.5541050067289706
Denver Nuggets,Charlotte Hornets,0.7289022506182276
Houston Rockets,Portland Trail Blazers,0.6344777371490431
Sacramento Kings,Dallas Mavericks,0.5950203858495867
Orlando Magic,Los Angeles Lakers,0.552616159490443
New York Knicks,Phoenix Suns,0.6067378040153686
Milwaukee Bucks,Boston Celtics,0.7234426654227482
Utah Jazz,New Orleans Pelicans,0.6224268719458604
Golden State Warriors,Denver Nuggets,0.7094407900603491
Los Angeles Clippers,Orlando Magic,0.5626024757890092
Indiana Pacers,Minnesota Timberwolves,0.7137649707837713
Philadelphia 76ers,Chicago Bulls,0.7916926153424023
Toronto Raptors,Washington Wizards,0.8584115377139239
Memphis Grizzlies,Cleveland Cavaliers,0.7065430135076226
Oklahoma City Thunder,Miami Heat,0.7330609663234846
San Antonio Spurs,Atlanta Hawks,0.7454723288676546
Portland Trail Blazers,Dallas Mavericks,0.5588164949005147
Los Angeles Clippers,New Orleans Pelicans,0.5804906561604156
Milwaukee Bucks,Brooklyn Nets,0.5668228205189969
Boston Celtics,Phoenix Suns,0.7896218165132026
Atlanta Hawks,Detroit Pistons,0.5517555712157648
Philadelphia 76ers,New York Knicks,0.7123497038111775
Chicago Bulls,Cleveland Cavaliers,0.5444893935496999
Toronto Raptors,Minnesota Timberwolves,0.6574227959404135
Golden State Warriors,Orlando Magic,0.6682369035122931
Houston Rockets,Los Angeles Lakers,0.7198004013679761
Oklahoma City Thunder,Portland Trail Blazers,0.6693872181531784
Utah Jazz,Sacramento Kings,0.7450525454462176
San Antonio Spurs,Miami Heat,0.65863559867497
Denver Nuggets,Indiana Pacers,0.6761060604970529
Detroit Pistons,Washington Wizards,0.5383221497451968
Toronto Raptors,Atlanta Hawks,0.6547953018553823
Philadelphia 76ers,Brooklyn Nets,0.5665490694061586
Orlando Magic,Charlotte Hornets,0.5606127574497951
Cleveland Cavaliers,New York Knicks,0.5809665799892597
Houston Rockets,Oklahoma City Thunder,0.5881823732045717
Memphis Grizzlies,New Orleans Pelicans,0.7210540615429865
Miami Heat,Sacramento Kings,0.6302530444273362
Milwaukee Bucks,Chicago Bulls,0.8269118568221674
Boston Celtics,Los Angeles Lakers,0.6352197667533521
Denver Nuggets,Minnesota Timberwolves,0.5308942170631263
San Antonio Spurs,Phoenix Suns,0.6406256956155282
Utah Jazz,Indiana Pacers,0.703449290609452
Golden State Warriors,Portland Trail Blazers,0.5124240628611592
Los Angeles Clippers,Dallas Mavericks,0.5295476336477722
Detroit Pistons,Sacramento Kings,0.673637365304605
Orlando Magic,Oklahoma City Thunder,0.6309276518683153
Toronto Raptors,Philadelphia 76ers,0.6771578091883347
Los Angeles Clippers,Atlanta Hawks,0.5085014668820873
Boston Celtics,Memphis Grizzlies,0.6706019566937006
Miami Heat,Washington Wizards,0.7049594998672717
Los Angeles Lakers,New York Knicks,0.5828177094370548
Chicago Bulls,Minnesota Timberwolves,0.515828892238562
Houston Rockets,Denver Nuggets,0.6436924276073044
Indiana Pacers,Phoenix Suns,0.5834101746751814
San Antonio Spurs,New Orleans Pelicans,0.5864998276544067
Golden State Warriors,Utah Jazz,0.6890487441465455
Cleveland Cavaliers,Washington Wizards,0.5632500669044568
Brooklyn Nets,Los Angeles Lakers,0.575587932497707
Portland Trail Blazers,Dallas Mavericks,0.6973946712469977
Milwaukee Bucks,Charlotte Hornets,0.5677662455809498
Detroit Pistons,Memphis Grizzlies,0.674738327701505
Orlando Magic,Boston Celtics,0.7228817676572319
Toronto Raptors,New York Knicks,0.7710927995594218
Sacramento Kings,Chicago Bulls,0.531068861978828
Miami Heat,Los Angeles Clippers,0.5270029176749397
Houston Rockets,Minnesota Timberwolves,0.5556207815939652
Denver Nuggets,New Orleans Pelicans,0.5993765480190247
Oklahoma City Thunder,Atlanta Hawks,0.8065266475294148
San Antonio Spurs,Phoenix Suns,0.8194157670147246
Golden State Warriors,Indiana Pacers,0.7662606473399376
Utah Jazz,Dallas Mavericks,0.7308521176508138
Detroit Pistons,Brooklyn Nets,0.7050539794046855
Cleveland Cavaliers,Chicago Bulls,0.5506503175192465
Oklahoma City Thunder,Minnesota Timberwolves,0.5887268479851694
Philadelphia 76ers,Los Angeles Lakers,0.7103895563312828
Denver Nuggets,Houston Rockets,0.5845826543976441
Toronto Raptors,San Antonio Spurs,0.5338775061396497
Atlanta Hawks,Washington Wizards,0.6745642138501258
Memphis Grizzlies,Phoenix Suns,0.767194746793584
Boston Celtics,New Orleans Pelicans,0.5536020705583289
Brooklyn Nets,New York Knicks,0.5090818037048155
Orlando Magic,Los Angeles Clippers,0.7004095580078938
Portland Trail Blazers,Indiana Pacers,0.6681322270718908
Detroit Pistons,Cleveland Cavaliers,0.7364402523266742
Orlando Magic,Miami Heat,0.5405138225925201
San Antonio Spurs,Chicago Bulls,0.6397658394182089
Minnesota Timberwolves,Sacramento Kings,0.5937600602944434
Oklahoma City Thunder,Dallas Mavericks,0.7640809905176208
Utah Jazz,Houston Rockets,0.615255519482375
Charlotte Hornets,New York Knicks,0.7031137159573603
Philadelphia 76ers,Golden State Warriors,0.522590070892859
Cleveland Cavaliers,New Orleans Pelicans,0.5721298105703899
Toronto Raptors,Atlanta Hawks,0.8379968476891662
Memphis Grizzlies,Denver Nuggets,0.5181225472321085
Miami Heat,Boston Celtics,0.5542035050839861
Milwaukee Bucks,Washington Wizards,0.8340990807704283
Dallas Mavericks,Phoenix Suns,0.715776663634276
Indiana Pacers,Chicago Bulls,0.7335343056349529
Brooklyn Nets,Detroit Pistons,0.5677060254561576
Memphis Grizzlies,New York Knicks,0.5444122104478483
San Antonio Spurs,Utah Jazz,0.5733137163289367
Portland Trail Blazers,Houston Rockets,0.5757694236477118
Oklahoma City Thunder,Sacramento Kings,0.5695535772659843
Toronto Raptors,Cleveland Cavaliers,0.7530087445819962
Washington Wizards,Charlotte Hornets,0.5185731648618855
Philadelphia 76ers,Atlanta Hawks,0.5823715563677219
Golden State Warriors,Boston Celtics,0.5627127467767835
Denver Nuggets,Utah Jazz,0.5852331903333451
Los Angeles Clippers,Sacramento Kings,0.7206010020213846
Toronto Raptors,Detroit Pistons,0.5760743942399515
Brooklyn Nets,Chicago Bulls,0.6775573277419292
Houston Rockets,Dallas Mavericks,0.7352151154410073
New Orleans Pelicans,Memphis Grizzlies,0.5263281049977395
Milwaukee Bucks,Denver Nuggets,0.684379154445213
Oklahoma City Thunder,Phoenix Suns,0.7039970454482791
Portland Trail Blazers,Los Angeles Lakers,0.5146833635766819
Los Angeles Clippers,Minnesota Timberwolves,0.7568004344289838
Indiana Pacers,New York Knicks,0.7569578755471721
Orlando Magic,Miami Heat,0.7380795525384659
Golden State Warriors,Cleveland Cavaliers,0.7391273691426481
Washington Wizards,Brooklyn Nets,0.5440404389017306
Philadelphia 76ers,Boston Celtics,0.5044489604000431
Dallas Mavericks,Atlanta Hawks,0.6191217228754949
San Antonio Spurs,Charlotte Hornets,0.7191300114357139
Sacramento Kings,Los Angeles Lakers,0.5761492364693515
Portland Trail Blazers,Utah Jazz,0.576423760768898
Detroit Pistons,Denver Nuggets,0.555129198337393
Houston Rockets,New Orleans Pelicans,0.8128446295835179
Milwaukee Bucks,Phoenix Suns,0.8692094445621533
Toronto Raptors,Chicago Bulls,0.8520908124528269
Orlando Magic,Charlotte Hornets,0.5606127574497951
Cleveland Cavaliers,New York Knicks,0.5809665799892597
Indiana Pacers,Dallas Mavericks,0.6575783075673671
Golden State Warriors,Washington Wizards,0.7167212193872872
Atlanta Hawks,Boston Celtics,0.5188768707674543
Brooklyn Nets,Phoenix Suns,0.7451021687250972
Philadelphia 76ers,Miami Heat,0.5474543657172284
Memphis Grizzlies,Detroit Pistons,0.5968549559098499
Sacramento Kings,Minnesota Timberwolves,0.6561036687200276
Los Angeles Clippers,San Antonio Spurs,0.6218792908956232
Milwaukee Bucks,New Orleans Pelicans,0.6512208927097275
Houston Rockets,Charlotte Hornets,0.7575325679830569
Denver Nuggets,Portland Trail Blazers,0.5990086211421796
Los Angeles Lakers,San Antonio Spurs,0.5086378788329555
Detroit Pistons,Phoenix Suns,0.7927255659630142
Boston Celtics,Orlando Magic,0.5025456876087456
Golden State Warriors,Brooklyn Nets,0.6229686268909019
Toronto Raptors,Indiana Pacers,0.7783046737379135
Minnesota Timberwolves,Atlanta Hawks,0.636104502191715
Oklahoma City Thunder,Cleveland Cavaliers,0.8251299230806228
Dallas Mavericks,Memphis Grizzlies,0.5773414978848732
Utah Jazz,Denver Nuggets,0.6385627399734158
Los Angeles Clippers,Miami Heat,0.6701847911922637
Orlando Magic,New York Knicks,0.7065826755031535
Chicago Bulls,New Orleans Pelicans,0.5620466793600458
Milwaukee Bucks,Philadelphia 76ers,0.6349572583595573
Portland Trail Blazers,San Antonio Spurs,0.612648070674001
Houston Rockets,Los Angeles Lakers,0.5295833802238343
Philadelphia 76ers,Memphis Grizzlies,0.7414482854317886
Dallas Mavericks,Washington Wizards,0.5109049906581684
Boston Celtics,Atlanta Hawks,0.7078286331176123
Toronto Raptors,Indiana Pacers,0.5757605040881332
Oklahoma City Thunder,Detroit Pistons,0.7436872659615437
Houston Rockets,Phoenix Suns,0.675048307195526
Sacramento Kings,Miami Heat,0.5547254598828208
Utah Jazz,Portland Trail Blazers,0.6292917887342495
Orlando Magic,Milwaukee Bucks,0.6340489776401522
Charlotte Hornets,Dallas Mavericks,0.5935396145321519
Detroit Pistons,New York Knicks,0.7567213578100549
Indiana Pacers,New Orleans Pelicans,0.7502369315558595
Toronto Raptors,Brooklyn Nets,0.8335824963780261
Los Angeles Clippers,Minnesota Timberwolves,0.5114116015875081
Golden State Warriors,Los Angeles Lakers,0.7763836141594729
Denver Nuggets,Phoenix Suns,0.6528146581525096
Sacramento Kings,San Antonio Spurs,0.5020734525110423
Oklahoma City Thunder,Boston Celtics,0.7176833655421059
Atlanta Hawks,New York Knicks,0.6902485101292117
Philadelphia 76ers,Chicago Bulls,0.7916926153424023
Washington Wizards,Memphis Grizzlies,0.508707219103498
Houston Rockets,Utah Jazz,0.6211501469085825
Los Angeles Clippers,Cleveland Cavaliers,0.6244660187667814
Portland Trail Blazers,Miami Heat,0.6614909409038023
Detroit Pistons,Charlotte Hornets,0.6833455207601095
Indiana Pacers,Brooklyn Nets,0.7053211677307418
Orlando Magic,Atlanta Hawks,0.8105210478297791
Toronto Raptors,Minnesota Timberwolves,0.8391890078361867
Milwaukee Bucks,Sacramento Kings,0.7819789610755625
Utah Jazz,Dallas Mavericks,0.5728288875536076
Denver Nuggets,San Antonio Spurs,0.6211992076990906
Golden State Warriors,Miami Heat,0.7608802867672824
Los Angeles Lakers,Phoenix Suns,0.7504882093434972
Philadelphia 76ers,Los Angeles Clippers,0.6509714054632155
Washington Wizards,Chicago Bulls,0.5784664348421119
Portland Trail Blazers,New Orleans Pelicans,0.6089307136444924
Oklahoma City Thunder,San Antonio Spurs,0.6897006416635154
Houston Rockets,Boston Celtics,0.6854773540054787
Cleveland Cavaliers,Atlanta Hawks,0.5238824406327243
Orlando Magic,Detroit Pistons,0.7485745929587639
Toronto Raptors,Brooklyn Nets,0.6400206309009093
Indiana Pacers,Milwaukee Bucks,0.500290029347736
New York Knicks,Washington Wizards,0.5385719007917095
Memphis Grizzlies,Portland Trail Blazers,0.5081418500062865
Minnesota Timberwolves,Charlotte Hornets,0.6044490900666134
Dallas Mavericks,Sacramento Kings,0.5761179683509584
Golden State Warriors,Phoenix Suns,0.7476738503863838
Utah Jazz,Miami Heat,0.6971944520895964
Denver Nuggets,Los Angeles Lakers,0.6885464996729767
Boston Celtics,Los Angeles Clippers,0.5697205397322852
Oklahoma City Thunder,New Orleans Pelicans,0.6542646407238843
Milwaukee Bucks,Detroit Pistons,0.5000312679184051
Atlanta Hawks,Miami Heat,0.5381141048708183
Charlotte Hornets,Chicago Bulls,0.5199716556778403
Philadelphia 76ers,Brooklyn Nets,0.7676870439998789
Sacramento Kings,Memphis Grizzlies,0.6137773480163828
Golden State Warriors,Houston Rockets,0.6884743613047908
Orlando Magic,Dallas Mavericks,0.7687003969298958
Washington Wizards,Cleveland Cavaliers,0.5824126489502927
Indiana Pacers,New York Knicks,0.5967039404394607
Toronto Raptors,Phoenix Suns,0.8890609024635227
Minnesota Timberwolves,Boston Celtics,0.5159691166798228
Oklahoma City Thunder,Denver Nuggets,0.6781682511911358
Utah Jazz,San Antonio Spurs,0.6507835304520942
Los Angeles Lakers,Memphis Grizzlies,0.6199837636296215
Portland Trail Blazers,New Orleans Pelicans,0.7828372156959436
Los Angeles Clippers,Sacramento Kings,0.7206010020213846
Charlotte Hornets,Brooklyn Nets,0.6453963243113101
Atlanta Hawks,Dallas Mavericks,0.578770789152932
Chicago Bulls,Phoenix Suns,0.6206515997091614
Miami Heat,Cleveland Cavaliers,0.6976574877710497
Milwaukee Bucks,Philadelphia 76ers,0.6349572583595573
Utah Jazz,Houston Rockets,0.615255519482375
Los Angeles Lakers,Boston Celtics,0.5421085285627184
Denver Nuggets,Minnesota Timberwolves,0.7562679104657735
Toronto Raptors,Indiana Pacers,0.7783046737379135
Chicago Bulls,Washington Wizards,0.5531211246470089
Oklahoma City Thunder,San Antonio Spurs,0.6897006416635154
Golden State Warriors,New Orleans Pelicans,0.854438248462529
Portland Trail Blazers,Detroit Pistons,0.6736981183818376
Miami Heat,Cleveland Cavaliers,0.5797594664453156
Philadelphia 76ers,Atlanta Hawks,0.77337411391587
Milwaukee Bucks,Washington Wizards,0.6670755283441756
Orlando Magic,Brooklyn Nets,0.5596658279709019
Houston Rockets,New York Knicks,0.8182888950591211
Dallas Mavericks,Minnesota Timberwolves,0.6211964765165862
Utah Jazz,Phoenix Suns,0.8441120672978089
Los Angeles Clippers,Memphis Grizzlies,0.7216090088304953
Indiana Pacers,Charlotte Hornets,0.6836235501272958
Toronto Raptors,Milwaukee Bucks,0.6769140412399738
Oklahoma City Thunder,Chicago Bulls,0.703218571407789
Denver Nuggets,Detroit Pistons,0.6816019494838172
Los Angeles Lakers,New Orleans Pelicans,0.7023211371351398
Portland Trail Blazers,Boston Celtics,0.6439926817013724
Golden State Warriors,Sacramento Kings,0.801538119452329
Charlotte Hornets,New York Knicks,0.7031137159573603
Philadelphia 76ers,Cleveland Cavaliers,0.6914816554880444
Washington Wizards,Brooklyn Nets,0.5440404389017306
Orlando Magic,Atlanta Hawks,0.5755513359768725
Miami Heat,Minnesota Timberwolves,0.6728437017025598
Houston Rockets,Memphis Grizzlies,0.7502047654182535
San Antonio Spurs,Dallas Mavericks,0.6947024047540679
Los Angeles Clippers,Phoenix Suns,0.6349134715657383
Utah Jazz,Boston Celtics,0.6806507845082989
Philadelphia 76ers,New York Knicks,0.8113188182520695
Indiana Pacers,Portland Trail Blazers,0.5455608880704448
Oklahoma City Thunder,Sacramento Kings,0.7770630243975204
Golden State Warriors,Los Angeles Lakers,0.7763836141594729
Orlando Magic,Minnesota Timberwolves,0.8118700070461722
Atlanta Hawks,Brooklyn Nets,0.631341396271377
Toronto Raptors,Charlotte Hornets,0.8189041155163923
Memphis Grizzlies,Sacramento Kings,0.6400975999104553
Miami Heat,Dallas Mavericks,0.6129798739114244
Milwaukee Bucks,Oklahoma City Thunder,0.6315798119905897
New Orleans Pelicans,Cleveland Cavaliers,0.5994713744187137
Detroit Pistons,Phoenix Suns,0.5772705645375149
Utah Jazz,Washington Wizards,0.8037852601625232
Los Angeles Clippers,Denver Nuggets,0.6092543284789521
New York Knicks,Chicago Bulls,0.5258595185459018
Portland Trail Blazers,Atlanta Hawks,0.5379371927607963
Miami Heat,Brooklyn Nets,0.6637614051554714
Indiana Pacers,Cleveland Cavaliers,0.5724812921689817
Memphis Grizzlies,Los Angeles Lakers,0.6045755793712595
Boston Celtics,Houston Rockets,0.5257167040218976
San Antonio Spurs,Orlando Magic,0.5498166164170463
Golden State Warriors,Phoenix Suns,0.7476738503863838
Milwaukee Bucks,Charlotte Hornets,0.5677662455809498
Los Angeles Clippers,Philadelphia 76ers,0.5557057103964873
Minnesota Timberwolves,Dallas Mavericks,0.57592917379988
Toronto Raptors,Denver Nuggets,0.5216883960212058
Sacramento Kings,Detroit Pistons,0.568269934763182
Los Angeles Lakers,New Orleans Pelicans,0.512703016518375
Golden State Warriors,Washington Wizards,0.8498800622669456
Utah Jazz,Cleveland Cavaliers,0.6645465937843573
Houston Rockets,New York Knicks,0.6869867483008466
Orlando Magic,Portland Trail Blazers,0.6750722912586012
Atlanta Hawks,Memphis Grizzlies,0.5977716048623454
Milwaukee Bucks,Miami Heat,0.5477305493708452
Dallas Mavericks,Chicago Bulls,0.5493099220430673
San Antonio Spurs,Indiana Pacers,0.6653045601365282
Charlotte Hornets,San Antonio Spurs,0.500538101974213
Boston Celtics,Brooklyn Nets,0.7011323699783452
New Orleans Pelicans,Minnesota Timberwolves,0.5715481229219435
Oklahoma City Thunder,Los Angeles Clippers,0.6949674854191504
Golden State Warriors,Denver Nuggets,0.5033804793987262
Toronto Raptors,Phoenix Suns,0.7612473558009908
Philadelphia 76ers,Los Angeles Lakers,0.5595228694396264
Sacramento Kings,Washington Wizards,0.6891034637643819
Boston Celtics,Cleveland Cavaliers,0.59844627454901
Oklahoma City Thunder,Detroit Pistons,0.5033882630665485
Milwaukee Bucks,Indiana Pacers,0.7443337324642582
Brooklyn Nets,Memphis Grizzlies,0.6132324235393115
Utah Jazz,New York Knicks,0.6864102900221536
Orlando Magic,Miami Heat,0.5405138225925201
Minnesota Timberwolves,Chicago Bulls,0.6606500065033175
Dallas Mavericks,New Orleans Pelicans,0.6639095494287144
Portland Trail Blazers,Washington Wizards,0.7766230500582836
Denver Nuggets,Charlotte Hornets,0.512797507579688
Houston Rockets,Los Angeles Clippers,0.6613927256928446
Philadelphia 76ers,Sacramento Kings,0.5659846290701342
Golden State Warriors,Toronto Raptors,0.5901471855377725
Washington Wizards,Atlanta Hawks,0.5520074751089545
Brooklyn Nets,San Antonio Spurs,0.5014989277434134
Oklahoma City Thunder,New York Knicks,0.7153204532117465
Indiana Pacers,Chicago Bulls,0.5825026377333572
Orlando Magic,Minnesota Timberwolves,0.5783936297416581
Miami Heat,New Orleans Pelicans,0.5344518247252185
Boston Celtics,Utah Jazz,0.5263847384358946
Dallas Mavericks,Memphis Grizzlies,0.5773414978848732
Portland Trail Blazers,Phoenix Suns,0.6618134769082018
Milwaukee Bucks,Los Angeles Lakers,0.5597976101594719
Houston Rockets,Charlotte Hornets,0.5376472230810266
Detroit Pistons,Utah Jazz,0.5310657212680493
Denver Nuggets,Cleveland Cavaliers,0.6425911042926666
Memphis Grizzlies,Atlanta Hawks,0.6802133796136896
Golden State Warriors,Philadelphia 76ers,0.6620051009646555
Portland Trail Blazers,Sacramento Kings,0.7126663357256944
Brooklyn Nets,Chicago Bulls,0.6775573277419292
Minnesota Timberwolves,New Orleans Pelicans,0.6799277237404101
Los Angeles Clippers,Los Angeles Lakers,0.6891661721954714
Oklahoma City Thunder,Boston Celtics,0.5080841291002589
Milwaukee Bucks,Phoenix Suns,0.701191165707058
Miami Heat,Washington Wizards,0.5519625875495628
Dallas Mavericks,Indiana Pacers,0.5245396517554085
Houston Rockets,Orlando Magic,0.5984422410881833
Detroit Pistons,New York Knicks,0.5906227739930406
San Antonio Spurs,Cleveland Cavaliers,0.6302465102038055
Toronto Raptors,Sacramento Kings,0.6394909851368052
Atlanta Hawks,Charlotte Hornets,0.6072299290759349
Denver Nuggets,Milwaukee Bucks,0.5547164222634324
Utah Jazz,Toronto Raptors,0.5102574764121202
Washington Wizards,New York Knicks,0.6082411798167168
Indiana Pacers,Boston Celtics,0.6011681673385272
Houston Rockets,Minnesota Timberwolves,0.782869083963776
San Antonio Spurs,Dallas Mavericks,0.6947024047540679
Orlando Magic,Memphis Grizzlies,0.5299456428081851
Chicago Bulls,Cleveland Cavaliers,0.5444893935496999
Portland Trail Blazers,Phoenix Suns,0.8212911631508305
Los Angeles Lakers,Brooklyn Nets,0.6527765521799458
Golden State Warriors,Los Angeles Clippers,0.7252689281975732
Philadelphia 76ers,Detroit Pistons,0.7037224754833711
Atlanta Hawks,New York Knicks,0.6902485101292117
Miami Heat,Charlotte Hornets,0.6405631351634766
Denver Nuggets,Dallas Mavericks,0.5489448998426707
Utah Jazz,New Orleans Pelicans,0.6224268719458604
Los Angeles Lakers,Los Angeles Clippers,0.5148160339718423
Orlando Magic,Brooklyn Nets,0.5596658279709019
Portland Trail Blazers,Memphis Grizzlies,0.7136915951467079
Washington Wizards,Phoenix Suns,0.6562372974429407
Milwaukee Bucks,Boston Celtics,0.7234426654227482
San Antonio Spurs,Sacramento Kings,0.7100534511428713
Houston Rockets,Dallas Mavericks,0.5734844003922758
Denver Nuggets,Miami Heat,0.6695454224341107
Oklahoma City Thunder,Utah Jazz,0.6566436629926945
Los Angeles Clippers,New Orleans Pelicans,0.7894067339175397
Indiana Pacers,Philadelphia 76ers,0.5005687379445947
Toronto Raptors,Los Angeles Lakers,0.7880503077083814
Brooklyn Nets,Washington Wizards,0.6886108991138241
Boston Celtics,Portland Trail Blazers,0.5405803485572949
Memphis Grizzlies,San Antonio Spurs,0.5314274093939448
Orlando Magic,Sacramento Kings,0.7815009266647903
Houston Rockets,Milwaukee Bucks,0.5914311051341967
Dallas Mavericks,Phoenix Suns,0.5502339006558894
Toronto Raptors,Miami Heat,0.6220031022032565
Indiana Pacers,Washington Wizards,0.5445811642946883
Oklahoma City Thunder,Denver Nuggets,0.6781682511911358
New Orleans Pelicans,Memphis Grizzlies,0.5263281049977395
Philadelphia 76ers,San Antonio Spurs,0.6453325849236585
Utah Jazz,Los Angeles Lakers,0.7152817695195296
Milwaukee Bucks,Brooklyn Nets,0.8059702735818399
Sacramento Kings,Dallas Mavericks,0.5950203858495867
Los Angeles Clippers,Phoenix Suns,0.8269545333875412
Indiana Pacers,Orlando Magic,0.5075629487517518
Miami Heat,Boston Celtics,0.5542035050839861
Portland Trail Blazers,Houston Rockets,0.5757694236477118
Utah Jazz,Memphis Grizzlies,0.746003430848108
Philadelphia 76ers,Washington Wizards,0.666827893204947
San Antonio Spurs,Denver Nuggets,0.5968549835256668
Oklahoma City Thunder,Los Angeles Lakers,0.5631039366992563
Orlando Magic,Toronto Raptors,0.5604707879564088
Boston Celtics,Brooklyn Nets,0.7011323699783452
Sacramento Kings,New Orleans Pelicans,0.6968018228828217
Milwaukee Bucks,Miami Heat,0.7386208119192311
Indiana Pacers,Phoenix Suns,0.5834101746751814
Los Angeles Clippers,Dallas Mavericks,0.5295476336477722
Denver Nuggets,Portland Trail Blazers,0.5990086211421796
Houston Rockets,Los Angeles Lakers,0.7198004013679761
San Antonio Spurs,Utah Jazz,0.5733137163289367
Oklahoma City Thunder,Memphis Grizzlies,0.540522992224154
Brooklyn Nets,Sacramento Kings,0.6120429756939221
Philadelphia 76ers,Orlando Magic,0.5872924435853482
New Orleans Pelicans,Washington Wizards,0.6078116761441446
Toronto Raptors,Boston Celtics,0.7592917762234112
Portland Trail Blazers,Los Angeles Clippers,0.6184993392730558
Denver Nuggets,Utah Jazz,0.5852331903333451
Indiana Pacers,Los Angeles Lakers,0.6398578484300982
Miami Heat,Phoenix Suns,0.7595206236695813
Milwaukee Bucks,Dallas Mavericks,0.6029927445068989
Oklahoma City Thunder,Washington Wizards,0.8301030169479378
Toronto Raptors,Memphis Grizzlies,0.8129731511881965
San Antonio Spurs,New Orleans Pelicans,0.5864998276544067
Boston Celtics,Orlando Magic,0.5025456876087456
Portland Trail Blazers,Philadelphia 76ers,0.546038272447458
Houston Rockets,Sacramento Kings,0.5361202169667909
Los Angeles Clippers,Brooklyn Nets,0.7491800410756129
Oklahoma City Thunder,Phoenix Suns,0.7039970454482791
Utah Jazz,Dallas Mavericks,0.7308521176508138
Milwaukee Bucks,Toronto Raptors,0.5611608523238883
Miami Heat,Indiana Pacers,0.5804650623371047
Denver Nuggets,Los Angeles Lakers,0.5046995287167506
Orlando Magic,Brooklyn Nets,0.805531760859588
San Antonio Spurs,Houston Rockets,0.572658136641365
Philadelphia 76ers,Phoenix Suns,0.8409412466167466
Memphis Grizzlies,Boston Celtics,0.5646743079496226
Portland Trail Blazers,Dallas Mavericks,0.5588164949005147
Milwaukee Bucks,Washington Wizards,0.6670755283441756
Sacramento Kings,New Orleans Pelicans,0.6968018228828217
Houston Rockets,Indiana Pacers,0.7080790702781186
Philadelphia 76ers,Toronto Raptors,0.5042838724821224
Oklahoma City Thunder,Miami Heat,0.7330609663234846
Denver Nuggets,Los Angeles Clippers,0.6269999484328863
Boston Celtics,Washington Wizards,0.7395482508703339
Los Angeles Lakers,Sacramento Kings,0.618802171992039
Dallas Mavericks,Phoenix Suns,0.5502339006558894
Milwaukee Bucks,Memphis Grizzlies,0.5371862302499302
Utah Jazz,San Antonio Spurs,0.6507835304520942
Orlando Magic,New Orleans Pelicans,0.8386669632533584
Portland Trail Blazers,Brooklyn Nets,0.521813537626663
Toronto Raptors,Denver Nuggets,0.7233555816593863
Indiana Pacers,Miami Heat,0.6195277409502346
Los Angeles Clippers,Oklahoma City Thunder,0.5521122355638979
Houston Rockets,Philadelphia 76ers,0.5917004668306706
Portland Trail Blazers,Memphis Grizzlies,0.7136915951467079
Denver Nuggets,Utah Jazz,0.5852331903333451
Toronto Raptors,Brooklyn Nets,0.8335824963780261
Philadelphia 76ers,Boston Celtics,0.5044489604000431
Los Angeles Clippers,Dallas Mavericks,0.7055768352289633
Milwaukee Bucks,Orlando Magic,0.6414176328660132
Indiana Pacers,Miami Heat,0.6195277409502346
Houston Rockets,Oklahoma City Thunder,0.5881823732045717
Portland Trail Blazers,Los Angeles Lakers,0.5146833635766819
Toronto Raptors,Brooklyn Nets,0.8335824963780261
Denver Nuggets,Utah Jazz,0.5852331903333451
Philadelphia 76ers,Boston Celtics,0.5044489604000431
Los Angeles Clippers,Dallas Mavericks,0.7055768352289633
Indiana Pacers,Miami Heat,0.6195277409502346
Houston Rockets,Oklahoma City Thunder,0.5881823732045717
Milwaukee Bucks,Orlando Magic,0.6414176328660132
Portland Trail Blazers,Los Angeles Lakers,0.5146833635766819
Toronto Raptors,Brooklyn Nets,0.6400206309009093
Utah Jazz,Denver Nuggets,0.6385627399734158
Philadelphia 76ers,Boston Celtics,0.6754335302761124
Los Angeles Clippers,Dallas Mavericks,0.5295476336477722
Orlando Magic,Milwaukee Bucks,0.6340489776401522
Miami Heat,Indiana Pacers,0.5804650623371047
Oklahoma City Thunder,Houston Rockets,0.6560393021805339
Portland Trail Blazers,Los Angeles Lakers,0.6807343101038863
Philadelphia 76ers,Boston Celtics,0.6754335302761124
Los Angeles Clippers,Dallas Mavericks,0.5295476336477722
Toronto Raptors,Brooklyn Nets,0.6400206309009093
Utah Jazz,Denver Nuggets,0.6385627399734158
Orlando Magic,Milwaukee Bucks,0.6340489776401522
Oklahoma City Thunder,Houston Rockets,0.6560393021805339
Miami Heat,Indiana Pacers,0.5804650623371047
Portland Trail Blazers,Los Angeles Lakers,0.6807343101038863
Denver Nuggets,Utah Jazz,0.5852331903333451
Los Angeles Clippers,Dallas Mavericks,0.7055768352289633
Milwaukee Bucks,Orlando Magic,0.6414176328660132
Houston Rockets,Oklahoma City Thunder,0.5881823732045717
Portland Trail Blazers,Los Angeles Lakers,0.5146833635766819
Toronto Raptors,Boston Celtics,0.7592917762234112
Los Angeles Clippers,Dallas Mavericks,0.5295476336477722
Utah Jazz,Denver Nuggets,0.6385627399734158
Milwaukee Bucks,Miami Heat,0.7386208119192311
Oklahoma City Thunder,Houston Rockets,0.6560393021805339
Toronto Raptors,Boston Celtics,0.7592917762234112
Denver Nuggets,Utah Jazz,0.5852331903333451
Milwaukee Bucks,Miami Heat,0.7386208119192311
Houston Rockets,Oklahoma City Thunder,0.5881823732045717
Toronto Raptors,Boston Celtics,0.5806555102641882
Los Angeles Clippers,Denver Nuggets,0.6092543284789521
Milwaukee Bucks,Miami Heat,0.5477305493708452
Houston Rockets,Los Angeles Lakers,0.5295833802238343
Toronto Raptors,Boston Celtics,0.5806555102641882
Los Angeles Clippers,Denver Nuggets,0.6092543284789521
Milwaukee Bucks,Miami Heat,0.5477305493708452
Houston Rockets,Los Angeles Lakers,0.5295833802238343
Toronto Raptors,Boston Celtics,0.7592917762234112
Denver Nuggets,Los Angeles Clippers,0.6269999484328863
Milwaukee Bucks,Miami Heat,0.7386208119192311
Houston Rockets,Los Angeles Lakers,0.7198004013679761
Toronto Raptors,Boston Celtics,0.5806555102641882
Denver Nuggets,Los Angeles Clippers,0.6269999484328863
Houston Rockets,Los Angeles Lakers,0.7198004013679761
Los Angeles Clippers,Denver Nuggets,0.6092543284789521
Toronto Raptors,Boston Celtics,0.7592917762234112
Houston Rockets,Los Angeles Lakers,0.5295833802238343
Denver Nuggets,Los Angeles Clippers,0.6269999484328863
Boston Celtics,Miami Heat,0.6147854628328141
Los Angeles Clippers,Denver Nuggets,0.6092543284789521
Boston Celtics,Miami Heat,0.6147854628328141
Denver Nuggets,Los Angeles Lakers,0.5046995287167506
Miami Heat,Boston Celtics,0.5542035050839861
Denver Nuggets,Los Angeles Lakers,0.5046995287167506
Denver Nuggets,Los Angeles Lakers,0.6885464996729767
Miami Heat,Boston Celtics,0.5542035050839861
Denver Nuggets,Los Angeles Lakers,0.6885464996729767
Boston Celtics,Miami Heat,0.6147854628328141
Denver Nuggets,Los Angeles Lakers,0.5046995287167506
Miami Heat,Boston Celtics,0.5542035050839861
Los Angeles Lakers,Miami Heat,0.5612024045060181
